Tempo_ms,Movimento,LDR
4628,0,472
4771,0,471
4916,0,469
5060,0,469
5203,0,469
5348,0,470
5492,0,467
5637,0,469
5780,0,466
5924,0,466
6069,0,464
6212,0,468
6356,0,466
6501,0,468
6644,0,468
6789,1,467
6934,1,467
7079,1,468
7225,1,468
7371,1,467
7517,1,466
7662,1,466
7808,1,467
7953,1,467
8098,1,468
8244,1,467
8389,1,467
8536,1,467
8681,1,467
8826,1,468
8972,1,469
9117,1,462
9263,1,462
9408,1,462
9554,1,463
9700,1,462
9845,1,462
9991,1,462
10136,1,463
10281,1,463
10427,1,462
10573,1,462
10719,1,462
10864,0,463
11009,0,462
11152,0,463
11296,0,462
11441,0,461
11585,0,461
11728,0,461
11873,0,461
12017,0,462
12161,0,460
12305,0,461
12449,0,462
12594,0,464
12737,0,464
12881,0,465
13026,0,463
13170,0,465
13314,0,464
13458,0,464
13602,1,465
13748,1,466
13893,1,466
14039,1,465
14184,1,465
14330,1,466
14476,1,466
14621,1,466
14767,1,467
14912,1,468
15057,1,468
15204,1,468
15349,1,466
15495,1,467
15640,1,468
15785,1,468
15931,1,467
16077,1,467
16223,1,466
16368,1,464
16514,1,464
16659,1,463
16804,1,460
16951,1,459
17096,1,461
17242,1,465
17387,1,466
17532,1,465
17679,1,465
17824,1,463
17970,1,461
18115,1,456
18260,1,455
18406,1,457
18552,0,458
18696,0,457
18840,0,460
18984,0,459
19128,0,461
19272,0,464
19417,0,465
19561,0,464
19704,0,466
19849,0,464
19993,0,464
20137,0,465
20281,0,463
20425,0,463
20570,0,464
20713,0,465
20857,0,466
21002,0,466
21146,1,465
21292,1,464
21437,1,464
21582,1,464
21728,1,464
21873,1,464
22020,1,466
22165,1,465
22310,0,464
22455,0,465
22598,0,464
22743,0,464
22887,0,465
23030,0,464
23175,0,465
23319,0,464
23463,0,464
23607,0,463
23751,0,462
23896,0,464
24040,0,464
24183,0,464
24328,0,463
24472,0,463
24615,1,464
24762,1,463
24907,1,462
25053,1,462
25198,1,463
25344,1,463
25490,1,461
25635,1,463
25781,0,461
25925,0,462
26068,0,462
26213,0,462
26357,0,461
26502,0,462
26645,0,460
26789,0,461
26934,0,461
27077,0,459
27222,0,459
27366,0,457
27510,0,457
27654,0,459
27798,0,460
27942,0,460
28086,0,460
28230,0,462
28375,0,465
28519,0,466
28662,0,469
28807,1,471
28952,1,472
29097,1,476
29244,1,478
29389,1,479
29535,1,479
29680,1,481
29826,1,481
29971,1,482
30117,1,482
30263,1,480
30408,1,482
30554,1,481
30699,1,480
30844,1,481
30991,0,481
31134,0,481
31279,0,481
31423,0,480
31566,0,482
31711,0,482
31855,0,480
32000,0,479
32143,0,479
32287,0,480
32432,0,478
32576,0,478
32719,0,478
32864,0,479
33008,0,479
33152,0,478
33296,0,479
33440,0,479
33585,0,477
33728,0,479
33872,0,477
34017,0,479
34160,1,477
34307,1,478
34452,1,480
34597,1,480
34743,1,480
34888,1,480
35034,1,479
35180,1,479
35325,1,477
35471,1,478
35616,1,478
35762,1,477
35908,0,475
36051,0,475
36196,0,475
36340,0,474
36484,0,474
36628,0,472
36772,0,474
36917,0,472
37060,0,472
37204,0,472
37349,0,474
37492,0,473
37637,0,472
37781,0,472
37925,0,473
38069,0,472
38213,0,471
38358,0,471
38501,0,470
38645,0,471
38790,0,470
38934,0,468
39077,1,470
39224,1,470
39369,1,475
39515,1,491
39660,1,499
39805,1,504
39951,1,501
40097,1,501
40243,1,502
40388,1,500
40534,1,498
40679,1,493
40824,1,484
40971,1,474
41116,1,466
41262,1,465
41407,1,466
41552,1,469
41699,1,477
41844,1,483
41990,1,485
42135,1,479
42280,1,469
42426,1,466
42572,1,464
42718,1,464
42863,1,464
43009,1,464
43154,1,464
43299,1,465
43446,1,465
43591,1,465
43737,1,466
43882,1,466
44027,0,464
44172,0,463
44316,0,464
44461,0,464
44604,0,464
44748,0,464
44893,0,465
45036,0,464
45180,0,465
45325,0,465
45469,0,464
45613,0,465
45757,0,466
45901,0,465
46046,0,466
46189,0,465
46333,0,466
46478,0,466
46621,0,465
46766,0,465
46910,0,465
47054,0,466
47198,0,467
47342,0,465
47486,0,465
47631,0,465
47774,0,465
47919,0,466
48063,0,465
48206,0,465
48351,0,466
48495,0,467
48640,0,465
48783,0,466
48927,0,466
49072,0,465
49215,0,465
49359,0,465
49504,0,465
49648,0,466
49792,0,468
49936,0,466
50080,0,465
50225,0,465
50368,0,466
50512,0,466
50657,0,467
50800,0,466
50945,0,468
51089,0,467
51233,0,466
51377,0,466
51521,0,466
51665,0,468
51810,0,466
51953,0,466
52098,0,467
52242,0,466
52385,0,466
52530,0,465
52674,1,466
52819,1,468
52965,1,476
53110,1,490
53257,1,529
53402,1,569
53548,1,585
53693,1,503
53838,1,480
53985,1,477
54130,1,475
54276,1,476
54421,1,475
54566,1,476
54712,1,478
54858,1,486
55004,1,498
55149,1,501
55294,0,503
55439,0,476
55583,0,468
55727,0,466
55871,0,466
56015,0,466
56159,0,469
56303,0,468
56448,0,469
56592,0,470
56735,0,471
56880,0,473
57024,0,472
57167,0,472
57312,0,473
57456,0,472
57601,0,471
57744,0,471
57888,0,473
58033,0,471
58176,0,471
58320,0,470
58465,0,470
58609,0,469
58753,0,470
58897,0,467
59041,1,466
59187,1,465
59332,1,465
59478,1,465
59624,1,465
59769,1,466
59915,1,464
60060,1,464
60206,1,464
60351,1,465
60497,1,464
60643,1,464
60788,1,466
60934,1,466
61079,1,465
61225,1,466
61371,1,466
61516,1,467
61662,1,468
61807,1,467
61953,1,467
62099,1,468
62244,0,469
62389,0,469
62532,0,470
62676,0,468
62821,0,468
62964,0,470
63109,0,468
63253,0,468
63397,0,468
63541,0,469
63685,0,469
63830,0,471
63973,0,471
64117,0,473
64262,0,471
64406,0,473
64549,0,472
64694,0,473
64838,0,471
64983,1,471
65128,1,472
65273,1,471
65419,1,472
65564,1,471
65710,1,474
65856,1,474
66001,1,473
66147,1,474
66292,1,476
66438,1,478
66583,1,479
66729,1,482
66875,1,482
67020,1,484
67166,1,484
67311,1,482
67457,1,483
67603,1,482
67748,1,482
67894,1,482
68039,1,483
68185,1,483
68331,1,484
68476,1,482
68622,1,484
68767,1,484
68913,1,483
69058,1,484
69204,1,483
69350,1,481
69495,1,481
69641,1,480
69786,1,480
69933,0,479
70076,0,480
70220,0,480
70365,0,477
70508,0,479
70652,0,479
70797,0,478
70941,0,479
71085,0,481
71229,0,479
71373,0,480
71517,0,480
71661,0,480
71805,0,480
71950,0,479
72093,0,480
72238,0,480
72382,0,480
72526,0,480
72670,0,481
72814,0,479
72958,0,480
73102,0,481
73246,0,481
73391,0,481
73535,0,482
73678,0,483
73823,0,482
73967,0,482
74110,0,484
74255,0,482
74399,0,483
74544,0,483
74687,0,484
74831,0,483
74976,0,484
75120,1,486
75266,1,486
75411,1,484
75556,1,486
75702,1,485
75847,1,485
75994,1,485
76139,1,486
76284,1,485
76430,1,486
76575,1,486
76721,1,485
76867,1,486
77012,1,487
77158,1,484
77303,1,484
77449,1,484
77594,1,485
77741,1,486
77886,1,488
78031,1,489
78177,1,490
78322,1,492
78469,1,493
78614,1,495
78759,1,496
78905,1,497
79050,1,497
79196,1,497
79342,1,497
79488,1,498
79633,1,497
79778,1,498
79924,1,499
80070,1,499
80216,1,501
80361,1,503
80506,1,502
80652,1,502
80797,1,502
80944,1,502
81089,1,502
81234,1,504
81380,0,504
81524,0,503
81669,0,503
81812,0,503
81956,0,504
82101,0,503
82244,0,503
82388,0,504
82533,0,503
82677,0,503
82821,0,503
82965,0,504
83109,0,503
83253,0,503
83397,0,503
83542,0,503
83686,0,503
83829,0,502
83974,0,504
84118,0,504
84262,0,502
84406,0,503
84550,0,503
84695,0,501
84838,0,501
84982,0,501
85127,1,502
85272,1,500
85417,1,500
85563,1,500
85709,1,502
85855,1,502
86000,1,502
86146,0,501
86290,0,501
86434,0,501
86578,0,501
86722,0,502
86866,0,500
87011,0,501
87154,0,499
87299,0,499
87443,0,498
87586,0,497
87731,0,499
87875,0,498
88019,0,501
88163,0,500
88307,0,501
88452,1,500
88597,1,503
88742,1,503
88888,1,503
89034,1,503
89180,1,504
89325,1,506
89470,1,506
89616,0,507
89760,0,506
89905,0,506
90048,0,506
90192,0,507
90337,0,507
90481,0,508
90625,0,510
90769,0,510
90913,0,514
91057,0,515
91201,0,516
91345,0,515
91490,0,515
91633,0,515
91778,0,516
91922,0,516
92065,0,516
92210,0,518
92354,0,519
92498,0,522
92642,0,524
92786,1,525
92932,1,527
93077,1,528
93223,1,528
93369,1,530
93514,1,531
93660,1,530
93805,1,531
93950,0,532
94095,0,532
94239,0,531
94384,0,531
94527,0,533
94671,0,533
94816,0,533
94960,0,532
95104,0,532
95248,0,529
95392,0,530
95536,0,528
95680,0,528
95824,0,528
95969,0,528
96112,0,526
96257,0,524
96401,0,523
96544,0,524
96689,0,528
96833,0,528
96977,0,529
97121,0,527
97265,0,526
97410,1,525
97555,1,525
97700,1,524
97846,1,524
97991,1,527
98138,1,528
98283,1,525
98428,1,557
98574,1,572
98719,1,587
98865,1,609
99011,1,645
99156,1,675
99302,1,700
99447,1,718
99593,1,745
99738,1,779
99885,1,807
100030,1,827
100175,1,843
100321,0,852
100465,0,856
100610,0,859
100754,0,860
100897,0,863
101042,0,858
101186,0,855
101330,0,847
101474,0,840
101618,0,836
101763,0,830
101907,0,826
102050,0,818
102195,0,802
102339,0,799
102483,1,798
102629,1,797
102774,1,800
102920,1,824
103066,1,828
103212,1,830
103357,1,838
103502,1,845
103648,1,853
103794,0,857
103938,0,853
104082,0,837
104226,0,828
104371,0,827
104515,0,822
104658,0,813
104803,0,801
104947,0,799
105092,0,793
105235,0,786
105379,0,793
105524,0,802
105668,0,818
105812,0,833
105956,0,838
106100,0,847
106245,0,853
106389,0,858
106532,0,862
106677,0,867
106821,0,866
106966,1,869
107111,1,871
107256,1,871
107402,1,870
107548,1,868
107694,1,870
107839,1,869
107984,1,871
108130,1,872
108276,1,875
108422,1,877
108567,1,876
108712,1,875
108859,1,876
109004,1,878
109150,1,881
109295,1,881
109441,1,886
109587,1,886
109732,1,888
109878,1,890
110023,1,892
110170,1,895
110315,0,893
110459,0,900
110603,0,902
110747,0,897
110892,0,899
111036,0,909
111179,0,903
111324,0,899
111468,0,910
111612,0,905
111757,0,903
111900,0,910
112045,0,905
112189,0,905
112333,0,906
112477,0,907
112621,0,908
112765,0,908
112910,0,911
113053,0,910
113198,0,908
113342,0,913
113486,0,916
113630,0,911
113774,0,911
113918,0,922
114063,0,913
114207,0,910
114351,0,923
114495,0,917
114639,0,912
114784,0,916
114927,0,922
115072,0,913
115216,0,913
115360,0,925
115504,0,916
115648,0,912
115792,0,922
115937,0,916
116081,0,917
116225,0,914
116369,0,914
116513,0,917
116658,0,915
116801,0,914
116945,0,915
117090,0,912
117234,0,927
117378,0,921
117522,0,912
117666,0,921
117811,0,931
117954,0,914
118098,0,917
118243,0,918
118387,0,917
118531,0,916
118675,0,918
118819,0,915
118964,0,915
119108,0,903
119251,0,867
119396,0,835
119540,0,804
119685,0,760
119828,1,631
119973,1,604
120120,1,603
120265,1,605
120411,1,598
120556,1,598
120701,1,590
120848,1,610
120993,1,615
121139,1,617
121284,1,618
121431,1,625
121576,1,648
121721,1,627
121867,1,645
122012,1,642
122159,1,646
122304,1,644
122449,1,648
122595,0,655
122739,0,678
122884,0,689
123027,0,691
123171,0,692
123316,0,692
123460,0,701
123604,0,695
123748,0,695
123892,0,700
124037,0,693
124181,0,696
124324,0,704
124469,0,678
124613,0,698
124758,0,651
124901,1,638
125047,1,709
125193,1,769
125338,1,801
125484,1,825
125630,1,841
125775,1,871
125921,1,886
126066,1,899
126212,1,904
126358,1,901
126503,1,904
126649,0,906
126793,0,910
126938,0,916
127081,0,918
127225,0,920
127370,0,921
127514,0,924
127657,0,924
127802,0,926
127946,0,925
128091,0,925
128235,0,925
128378,0,922
128523,0,921
128667,0,919
128812,0,918
128955,0,918
129099,0,918
129244,0,917
129388,0,918
129531,1,919
129678,1,916
129823,1,916
129969,1,919
130114,1,917
130260,1,915
130406,1,916
130551,0,917
130696,0,919
130840,0,917
130983,0,917
131128,0,916
131272,0,915
131417,0,916
131560,0,914
131704,0,915
131849,0,914
131993,0,913
132136,0,910
132281,0,913
132425,0,910
132570,0,910
132714,0,909
132857,1,910
133004,1,907
133149,1,909
133295,1,907
133440,1,906
133585,1,907
133732,1,905
133877,1,905
134023,1,905
134168,1,902
134313,1,897
134460,1,864
134605,1,841
134751,1,830
134896,0,810
135041,0,793
135185,0,766
135329,0,712
135473,0,687
135617,0,698
135761,0,719
135906,0,719
136049,0,713
136194,0,696
136338,0,673
136482,0,652
136626,0,634
136770,0,600
136914,0,556
137059,0,518
137203,0,496
137347,0,472
137491,0,441
137635,0,413
137780,0,394
137923,0,394
138067,0,394
138212,0,387
138356,0,348
138500,0,274
138644,0,194
138788,0,162
138933,1,140
139078,1,135
139224,1,139
139369,1,147
139514,1,177
139661,1,189
139806,1,182
139952,1,168
140097,1,158
140243,1,152
140389,1,145
140534,1,144
140680,1,141
140825,1,127
140972,1,118
141117,1,114
141262,1,113
141408,1,110
141554,1,108
141700,1,105
141845,1,106
141990,1,104
142136,1,91
142280,1,80
142425,1,74
142569,0,71
142711,0,70
142854,0,68
142996,0,66
143138,0,63
143282,0,63
143424,0,63
143566,0,63
143709,0,63
143852,0,65
143994,0,65
144137,0,64
144279,0,62
144422,0,61
144565,0,61
144707,0,60
144849,0,60
144992,0,58
145135,1,59
145278,1,58
145423,1,59
145567,1,61
145712,1,59
145855,1,62
145999,1,66
146144,1,68
146287,0,74
146430,0,73
146573,0,71
146715,0,72
146857,0,71
147000,0,66
147143,0,60
147286,0,57
147428,0,54
147570,0,55
147714,0,56
147856,0,53
147998,0,55
148141,0,56
148284,0,52
148426,1,52
148571,1,50
148714,1,48
148858,1,49
149003,1,49
149146,1,49
149291,1,48
149435,1,47
149578,1,48
149723,1,47
149867,1,48
150010,1,47
150155,1,47
150299,1,47
150444,1,45
150587,1,46
150731,1,46
150876,1,45
151019,0,47
151162,0,48
151305,0,48
151447,0,48
151589,0,50
151732,0,47
151875,0,48
152017,0,48
152160,0,47
152302,0,47
152445,0,49
152588,0,47
152730,0,49
152872,0,50
153016,0,51
153158,0,52
153300,0,52
153443,0,50
153586,0,49
153729,0,52
153871,0,52
154013,0,55
154157,0,56
154299,0,56
154441,0,57
154584,0,57
154726,0,60
154869,0,58
155012,0,57
155154,0,60
155296,0,59
155440,0,60
155582,0,63
155724,0,65
155867,0,66
156010,0,65
156152,0,65
156295,0,67
156437,1,63
156581,1,59
156726,1,60
156869,1,57
157014,1,58
157158,1,61
157301,1,63
157446,1,68
157590,1,67
157734,1,64
157878,1,54
158022,1,51
158167,1,49
158310,1,51
158454,1,51
158599,1,54
158742,1,47
158886,1,48
159031,0,47
159173,0,48
159315,0,49
159458,0,47
159601,0,50
159744,0,47
159886,0,47
160028,0,49
160172,0,49
160314,0,49
160456,0,48
160599,0,47
160742,0,48
160884,0,49
161027,0,50
161169,0,49
161312,0,49
161455,0,49
161597,0,50
161739,0,52
161883,0,50
162025,0,52
162167,0,52
162310,0,51
162453,0,51
162595,0,52
162738,0,52
162880,0,51
163022,0,52
163166,0,54
163308,0,52
163450,0,51
163593,0,54
163736,0,50
163878,0,50
164021,0,52
164163,0,52
164306,0,51
164449,0,54
164591,0,52
164733,0,53
164877,0,53
165019,0,55
165161,0,57
165304,0,57
165446,0,57
165590,0,58
165732,0,56
165874,0,55
166017,0,53
166160,0,52
166302,1,52
166447,1,51
166590,1,53
166734,1,51
166879,1,54
167022,1,54
167166,1,54
167311,1,57
167454,0,61
167598,0,59
167740,0,60
167882,0,60
168025,0,59
168167,0,59
168310,0,57
168453,0,55
168595,0,56
168737,0,53
168881,0,54
169023,0,52
169165,0,56
169308,0,56
169451,0,58
169593,0,60
169736,0,65
169878,1,67
170022,1,150
170168,1,506
170313,1,519
170460,1,523
170605,1,471
170750,1,489
170896,1,543
171042,1,584
171188,1,610
171333,1,633
171479,1,650
171624,1,654
171770,1,660
171916,1,664
172061,1,669
172207,1,672
172353,1,666
172498,1,655
172644,1,586
172789,1,356
172935,0,159
173079,0,116
173223,0,115
173368,0,118
173511,0,220
173656,0,401
173800,0,546
173944,0,609
174089,0,635
174232,0,647
174376,0,646
174521,0,616
174665,0,492
174809,0,206
174953,0,159
175097,0,166
175242,0,150
175385,0,184
175529,0,416
175674,0,603
175818,0,672
175962,0,694
176106,0,704
176250,0,702
176395,0,676
176539,1,629
176685,1,390
176830,1,84
176974,1,82
177118,1,92
177262,1,99
177406,1,99
177550,1,141
177696,1,413
177842,1,626
177987,1,697
178132,1,720
178278,1,732
178424,1,738
178570,1,745
178715,1,747
178861,1,750
179007,1,751
179152,1,750
179298,1,745
179443,1,651
179589,1,140
179735,1,108
179880,1,595
180026,1,79
180170,1,216
180316,1,517
180461,1,636
180606,1,665
180753,0,590
180896,0,332
181041,0,72
181183,0,183
181327,0,473
181472,0,97
181614,0,81
181756,0,318
181901,0,327
182045,0,104
182190,0,165
182334,0,438
182477,0,159
182622,0,151
182766,0,445
182910,0,223
183054,0,85
183197,0,252
183341,0,415
183485,0,90
183627,0,179
183772,0,543
183916,0,423
184059,1,88
184204,1,430
184349,1,464
184496,1,71
184639,1,202
184785,1,524
184931,1,335
185076,1,150
185222,1,510
185367,0,479
185511,0,87
185654,0,335
185798,0,531
185943,0,206
186087,0,187
186230,0,471
186375,0,427
186519,0,91
186661,0,378
186806,0,511
186950,0,163
187095,0,140
187238,0,474
187382,0,468
187527,0,88
187669,0,197
187813,0,453
187958,0,221
188101,0,135
188246,0,439
188390,0,386
188534,0,105
188678,0,347
188822,0,486
188966,0,180
189111,0,304
189254,0,536
189399,0,326
189543,0,97
189685,0,384
189830,1,477
189975,1,105
190120,1,237
190267,1,507
190412,1,420
190558,1,196
190703,1,468
190850,1,485
190995,1,92
191138,0,173
191283,0,464
191427,0,390
191571,0,117
191715,0,398
191859,0,459
192004,0,91
192146,0,154
192290,0,437
192435,0,376
192578,0,126
192722,0,298
192867,0,218
193011,0,96
193154,0,609
193298,0,566
193442,1,543
193588,1,523
193733,1,518
193879,1,515
194024,1,510
194170,1,508
194316,1,504
194461,1,504
194607,0,504
194751,0,505
194895,0,506
195039,0,509
195183,0,509
195328,0,512
195472,0,514
195616,0,514
195760,0,517
195904,0,518
196048,0,518
196193,0,522
196336,0,524
196481,0,526
196625,0,523
196769,0,518
196913,0,514
197057,0,511
197201,0,508
197346,1,507
197491,1,503
197637,1,498
197782,1,497
197928,1,496
198074,1,493
198219,1,493
198365,1,493
198511,0,494
198654,0,495
198799,0,497
198943,0,500
199088,0,502
199231,0,505
199375,0,493
199520,0,490
199664,0,490
199808,0,491
199952,0,492
200096,0,493
200241,0,494
200385,0,493
200528,0,493
200673,1,492
200818,1,492
200964,1,489
201110,1,486
201255,1,485
201401,1,483
201546,1,482
201693,1,483
201838,1,482
201984,1,482
202129,0,482
202273,0,481
202418,0,480
202562,0,477
202705,0,476
202850,0,477
202994,0,476
203139,0,476
203282,0,476
203426,0,476
203571,0,476
203715,0,478
203858,0,476
204003,0,475
204147,0,477
204292,0,476
204435,0,478
204579,0,480
204724,0,481
204868,0,481
205012,0,481
205156,0,481
205300,0,482
205445,0,480
205589,0,481
205732,0,480
205877,0,481
206021,0,482
206166,0,482
206309,0,483
206453,0,482
206598,0,483
206742,0,481
206885,0,482
207030,0,479
207174,0,478
207319,0,478
207463,0,481
207606,0,484
207751,0,486
207895,1,489
208040,1,492
208186,1,496
208331,1,497
208478,1,501
208623,1,502
208769,1,505
208914,1,507
209059,1,503
209206,1,501
209351,1,500
209497,1,500
209642,1,497
209788,1,496
209934,1,497
210079,1,497
210225,1,499
210370,1,500
210516,1,504
210662,1,508
210807,1,511
210953,1,510
211098,1,506
211245,1,504
211390,1,502
211535,1,500
211681,1,500
211827,1,500
211973,1,500
212118,1,498
212263,1,498
212409,1,496
212555,1,497
212701,1,496
212846,1,495
212992,1,495
213138,1,496
213283,1,496
213429,1,496
213574,1,496
213720,1,499
213866,0,504
214009,0,504
214154,0,503
214298,0,502
214443,0,499
214587,0,497
214730,0,494
214875,0,493
215019,0,494
215163,0,494
215307,0,495
215451,0,495
215596,0,498
215740,0,499
215883,0,502
216028,1,502
216173,1,504
216320,1,508
216465,1,513
216610,1,513
216756,1,513
216902,1,514
217048,1,512
217193,1,512
217338,1,511
217484,1,510
217630,1,511
217776,1,510
217921,1,506
218066,1,505
218212,1,503
218358,1,502
218504,1,501
218649,1,499
218795,1,499
218941,1,501
219086,1,500
219232,1,502
219377,1,503
219523,1,503
219669,1,500
219814,1,497
219960,1,498
220105,1,492
220251,1,491
220397,0,492
220540,0,491
220685,0,492
220829,0,492
220974,0,493
221118,0,494
221261,0,493
221406,0,492
221550,0,494
221694,0,495
221838,0,493
221982,0,495
222127,0,493
222271,0,493
222414,0,492
222559,0,495
222703,0,497
222848,0,500
222991,0,500
223135,1,499
223281,1,496
223427,1,496
223572,1,494
223718,1,490
223863,1,490
224010,1,490
224155,1,489
224301,1,490
224446,1,490
224591,1,487
224738,1,483
224883,1,480
225029,1,476
225174,1,475
225320,1,475
225466,1,475
225611,1,474
225757,1,473
225902,1,473
226049,1,473
226194,1,474
226339,1,475
226485,1,473
226630,1,473
226777,1,472
226922,1,473
227067,0,473
227212,0,473
227356,0,473
227500,0,474
227644,0,472
227788,0,475
227933,0,476
228076,0,475
228220,0,476
228365,0,477
228509,0,478
228654,0,479
228797,0,481
228941,0,482
229086,0,482
229230,0,484
229373,1,485
229520,1,484
229665,1,485
229811,1,485
229956,1,485
230102,1,485
230248,1,486
230393,1,483
230539,1,481
230684,0,482
230829,0,479
230973,0,480
231117,0,479
231261,0,480
231405,0,479
231549,0,480
231694,0,484
231838,0,488
231982,0,493
232126,0,496
232270,0,497
232415,0,498
232558,0,497
232702,0,497
232847,0,496
232991,1,495
233137,1,495
233282,1,495
233427,1,495
233574,1,495
233719,1,496
233865,1,495
234010,1,496
234156,1,498
234302,1,500
234447,1,500
234593,1,500
234738,1,498
234885,1,499
235030,1,496
235175,1,495
235321,1,495
235466,1,496
235613,1,499
235758,1,499
235904,1,500
236049,1,501
236195,1,503
236341,1,498
236486,1,491
236632,1,484
236777,1,480
236923,1,479
237069,1,478
237214,1,476
237360,1,475
237506,1,475
237651,1,474
237797,1,475
237942,1,473
238088,1,473
238234,1,475
238380,1,475
238525,1,473
238670,1,475
238817,1,473
238962,1,474
239108,1,475
239253,1,473
239398,1,475
239545,1,475
239690,1,474
239836,1,475
239981,1,474
240128,1,473
240273,1,473
240418,1,473
240564,1,475
240709,1,474
240856,1,475
241001,1,477
241146,1,480
241292,1,489
241438,1,495
241584,1,497
241729,1,501
241874,1,501
242020,1,501
242166,1,503
242312,1,501
242457,1,500
242603,1,501
242749,1,499
242894,0,502
243039,0,500
243182,0,501
243326,0,501
243471,0,501
243615,0,503
243759,0,501
243903,0,500
244047,0,498
244192,0,498
244336,0,497
244480,0,498
244624,0,500
244768,0,502
244913,0,499
245056,1,497
245201,1,495
245348,1,494
245493,1,493
245639,1,491
245784,1,492
245931,1,492
246076,1,492
246221,1,493
246367,1,496
246513,1,497
246659,1,499
246804,1,498
246949,1,498
247095,1,496
247241,1,494
247387,1,492
247532,1,489
247677,1,485
247824,1,478
247969,1,475
248115,1,474
248260,1,475
248406,1,479
248552,1,478
248697,1,479
248843,0,478
248987,0,478
249132,0,478
249275,0,476
249419,0,477
249564,0,476
249708,0,477
249851,0,476
249996,0,475
250140,0,475
250285,0,475
250428,0,475
250572,0,477
250717,0,476
250861,0,477
251005,0,476
251149,0,477
251293,1,477
251439,1,476
251585,1,476
251730,1,476
251876,1,475
252021,1,476
252167,1,477
252313,1,476
252459,1,475
252604,1,476
252749,1,475
252895,1,477
253041,1,477
253187,1,476
253332,1,477
253477,1,477
253624,1,475
253769,1,476
253915,1,473
254060,1,474
254205,1,474
254352,1,472
254497,0,474
254642,0,474
254785,0,473
254929,0,473
255074,0,472
255218,0,472
255362,0,474
255506,0,472
255650,0,473
255795,0,473
255939,0,473
256082,0,473
256227,0,474
256371,0,476
256516,0,482
256659,1,485
256805,1,489
256951,1,498
257096,1,497
257242,1,493
257387,1,491
257533,1,489
257679,1,489
257824,1,486
257970,1,487
258115,0,488
258259,0,487
258404,0,490
258548,0,486
258692,0,481
258836,0,480
258980,0,481
259125,0,483
259268,0,482
259412,0,483
259557,0,484
259701,0,482
259846,0,482
259989,0,482
260133,0,482
260278,0,482
260422,0,481
260566,0,481
260710,0,482
260854,0,482
260999,0,481
261142,0,482
261286,1,481
261432,1,483
261578,1,482
261724,1,483
261869,1,482
262014,1,482
262160,1,482
262306,0,483
262450,0,483
262594,0,482
262738,0,482
262883,0,481
263026,0,481
263171,0,481
263315,0,481
263459,0,481
263603,0,482
263747,0,481
263891,0,481
264036,0,481
264180,0,481
264324,0,481
264468,0,483
264612,0,481
264757,0,481
264900,0,481
265044,0,481
265189,0,483
265333,1,481
265479,1,481
265624,1,481
265769,1,481
265916,1,482
266061,1,482
266207,1,480
266352,1,481
266498,1,482
266644,1,481
266789,1,481
266935,1,482
267080,1,481
267227,0,481
267370,0,482
267514,0,481
267659,0,481
267803,0,481
267947,0,481
268091,0,481
268235,0,483
268380,0,481
268523,0,479
268667,0,475
268812,0,475
268956,0,475
269101,0,475
269244,0,476
269388,0,474
269533,0,476
269677,0,476
269820,0,476
269965,0,476
270109,0,476
270254,1,475
270399,1,475
270544,1,475
270690,1,476
270835,1,477
270982,1,475
271127,1,475
271272,1,476
271418,1,476
271564,1,477
271710,0,475
271854,0,477
271997,0,475
272142,0,477
272286,0,476
272431,0,475
272574,0,474
272718,0,473
272863,0,473
273007,0,472
273150,0,473
273295,0,473
273439,0,473
273584,0,473
273728,0,472
273871,0,473
274016,0,472
274160,0,472
274305,1,472
274450,1,471
274595,1,474
274741,1,474
274886,1,475
275033,1,475
275178,1,475
275323,1,474
275469,1,474
275614,1,474
275761,1,474
275906,1,474
276051,1,475
276197,1,474
276343,1,474
276489,1,474
276634,1,475
276780,1,474
276926,1,474
277071,1,476
277217,1,474
277362,1,473
277508,1,473
277654,1,472
277799,1,472
277945,1,472
278090,1,472
278236,1,472
278382,1,473
278528,1,474
278673,1,473
278818,1,473
278964,1,475
279110,1,476
279256,1,476
279401,1,476
279546,1,475
279693,1,476
279838,1,475
279984,1,475
280129,1,477
280274,1,475
280421,1,475
280566,1,476
280712,1,476
280857,1,476
281003,1,477
281149,1,477
281294,1,477
281440,1,477
281585,1,478
281732,1,478
281877,1,479
282022,1,478
282168,1,478
282313,1,477
282460,1,477
282605,1,479
282750,1,479
282896,1,480
283042,1,480
283188,1,481
283333,1,482
283479,1,481
283624,1,480
283770,1,481
283916,1,480
284061,1,483
284207,1,482
284353,1,482
284498,1,481
284644,1,481
284789,1,479
284936,1,479
285081,1,479
285227,1,477
285372,1,476
285517,1,476
285664,1,476
285809,1,475
285955,1,476
286100,1,477
286246,1,477
286392,1,478
286537,1,478
286683,1,478
286828,0,480
286972,0,479
287117,0,479
287261,0,478
287405,0,477
287549,0,476
287693,0,477
287838,0,477
287982,0,477
288125,0,478
288270,0,478
288414,0,477
288559,0,477
288702,0,481
288846,0,481
288991,0,484
289135,0,485
289278,1,485
289425,1,483
289570,1,483
289716,1,483
289861,1,482
290008,1,484
290153,1,484
290298,1,483
290444,1,484
290589,1,483
290736,1,485
290881,1,482
291026,1,484
291172,1,482
291317,1,481
291464,0,482
291607,0,483
291751,0,486
291896,0,493
292040,0,502
292185,0,510
292328,0,511
292472,0,512
292617,0,511
292761,0,512
292904,0,511
293049,0,511
293193,0,512
293338,0,512
293481,0,511
293625,0,511
293770,0,511
293914,0,511
294057,0,509
294202,0,509
294346,0,509
294491,0,512
294635,0,512
294778,0,513
294923,0,511
295067,1,511
295213,1,510
295358,1,509
295504,1,509
295650,1,507
295795,1,507
295941,1,507
296086,1,505
296232,1,501
296378,1,496
296523,1,490
296669,1,487
296814,1,487
296961,1,486
297106,1,484
297251,1,484
297397,1,484
297543,1,485
297689,1,484
297834,1,483
297979,1,483
298125,1,482
298271,1,484
298417,1,482
298562,1,482
298707,1,480
298854,1,480
298999,1,480
299145,1,480
299290,1,478
299436,0,475
299580,0,472
299724,0,468
299869,0,465
300012,0,464
300156,0,462
300301,0,462
300445,0,462
300590,0,461
300733,0,461
300877,0,462
301022,0,461
301166,0,461
301309,0,460
301454,0,462
301598,0,462
301743,0,465
301886,1,466
302032,1,470
302178,1,475
302323,1,481
302469,1,488
302615,1,491
302760,1,495
302906,0,500
303050,0,503
303195,0,501
303338,0,498
303482,0,493
303627,0,492
303771,0,490
303915,0,487
304059,0,488
304203,0,486
304348,0,485
304491,0,484
304635,0,484
304780,0,484
304924,0,484
305068,0,485
305212,1,486
305357,1,487
305504,1,488
305649,1,486
305795,1,484
305940,1,482
306085,1,481
306232,1,481
306377,1,482
306523,1,480
306668,1,481
306814,0,480
306958,0,479
307102,0,478
307247,0,477
307391,0,476
307534,0,475
307679,0,474
307823,0,473
307968,0,470
308111,0,469
308255,0,469
308400,0,468
308544,0,467
308688,0,467
308832,0,468
308976,1,467
309122,1,467
309267,1,468
309413,1,468
309559,1,470
309704,1,468
309850,1,468
309996,1,468
310141,1,466
310287,1,466
310432,1,464
310579,0,462
310722,0,462
310866,0,462
311011,0,461
311155,0,460
311299,0,460
311443,0,461
311587,0,462
311732,0,464
311875,0,464
312019,0,469
312164,0,479
312308,0,483
312452,0,488
312596,0,493
312740,0,497
312885,0,504
313028,0,506
313172,0,507
313317,0,503
313461,0,500
313606,0,496
313749,0,494
313893,0,494
314038,0,497
314182,0,503
314326,1,509
314472,1,524
314617,1,538
314763,1,557
314908,1,588
315054,1,610
315200,1,597
315345,0,572
315490,0,548
315633,0,509
315778,0,489
315922,0,479
316066,0,478
316211,0,475
316354,0,476
316498,0,475
316643,0,476
316787,0,477
316931,0,476
317075,0,477
317219,0,475
317364,0,476
317507,0,477
317651,1,477
317797,1,477
317943,1,478
318089,1,479
318234,1,479
318380,1,478
318526,1,480
318671,0,480
318816,0,479
318959,0,479
319104,0,479
319248,0,480
319392,0,479
319536,0,480
319680,0,478
319824,0,479
319969,0,478
320112,0,479
320257,0,478
320401,0,478
320545,0,479
320689,0,478
320833,0,480
320977,0,481
321122,0,481
321265,0,480
321410,0,479
321554,0,479
321698,0,479
321843,0,478
321986,0,478
322130,1,477
322276,1,476
322421,1,476
322568,1,477
322713,1,477
322859,1,476
323004,1,476
323150,1,475
323296,0,475
323440,0,475
323584,0,477
323728,0,476
323872,0,475
324017,0,476
324160,0,476
324304,0,476
324449,0,475
324593,0,475
324737,0,476
324881,0,475
325025,0,475
325170,0,476
325313,0,475
325457,0,476
325602,0,476
325746,0,476
325891,0,476
326034,0,477
326178,0,475
